Symbol,Band,AsOf
20MICRONS,20,2026-10-08
21STCENMGM,5,2026-10-08
3BBLACKBIO,20,2026-10-08
3MINDIA,20,2026-10-08
3PLAND,20,2026-10-08
5PAISA,20,2026-10-08
63MOONS,20,2026-10-08
A2ZINFRA,5,2026-10-08
AAATECH,20,2026-10-08
AADHARHFC,20,2026-10-08
AAKASH,20,2026-10-08
AAREYDRUGS,5,2026-10-08
AARON,20,2026-10-08
AARTIDRUGS,20,2026-10-08
AARTIIND,20,2026-10-08
AARTIPHARM,20,2026-10-08
AARVI,20,2026-10-08
AASTHA,5,2026-10-08
AAVAS,20,2026-10-08
ABANSENT,10,2026-10-08
ABBOTINDIA,20,2026-10-08
ABCOTS,20,2026-10-08
ABDL,10,2026-10-08
ABFRL,20,2026-10-08
ABLBL,20,2026-10-08
ABMKNO,20,2026-10-08
ABREL,20,2026-10-08
ABSLAMC,20,2026-10-08
ACC,20,2026-10-08
ACCELYA,20,2026-10-08
ACCURACY,10,2026-10-08
ACE,20,2026-10-08
ACEINTEG,20,2026-10-08
ACGL,20,2026-10-08
ACI,20,2026-10-08
ACL,20,2026-10-08
ACMESOLAR,20,2026-10-08
ACUTAAS,20,2026-10-08
ADDIND,20,2026-10-08
ADFFOODS,20,2026-10-08
ADL,20,2026-10-08
ADOR,20,2026-10-08
ADSL,20,2026-10-08
ADVAIT,20,2026-10-08
ADVANCE,20,2026-10-08
ADVANIHOTR,20,2026-10-08
ADVENTHTL,20,2026-10-08
ADVENZYMES,20,2026-10-08
ADVIKCA,20,2026-10-08
AEGISLOG,20,2026-10-08
AEGISVOPAK,10,2026-10-08
AEPL,20,2026-10-08
AEQUS,20,2026-10-08
AEROENTER,20,2026-10-08
AEROFLEX,20,2026-10-08
AERONEU,20,2026-10-08
AEROPLANE,10,2026-10-08
AETHER,20,2026-10-08
AFCONS,20,2026-10-08
AFFLE,20,2026-10-08
AFFORDABLE,10,2026-10-08
AFIL,20,2026-10-08
AFSL,20,2026-10-08
AGARIND,20,2026-10-08
AGARWALEYE,20,2026-10-08
AGI,20,2026-10-08
AGIIL,20,2026-10-08
AGL,20,2026-10-08
AGRITECH,10,2026-10-08
AGROPHOS,20,2026-10-08
AHCL,5,2026-10-08
AHLADA,20,2026-10-08
AHLEAST,20,2026-10-08
AHLUCONT,20,2026-10-08
AIAENG,20,2026-10-08
AIIL,20,2026-10-08
AIRAN,20,2026-10-08
AIROLAM,20,2026-10-08
AJANTPHARM,20,2026-10-08
AJAXENGG,10,2026-10-08
AJMERA,20,2026-10-08
AJOONI,20,2026-10-08
AKASH,20,2026-10-08
AKCAPIT,20,2026-10-08
AKG,20,2026-10-08
AKSHAR,20,2026-10-08
AKUMS,10,2026-10-08
ALANKIT,20,2026-10-08
ALBERTDAVD,20,2026-10-08
ALEMBICLTD,20,2026-10-08
ALFREDHE,20,2026-10-08
ALGOQUANT,20,2026-10-08
ALICON,20,2026-10-08
ALIVUS,20,2026-10-08
ALKYLAMINE,20,2026-10-08
ALLCARGO,10,2026-10-08
ALLDIGI,20,2026-10-08
ALLTIME,20,2026-10-08
ALOKINDS,20,2026-10-08
ALPA,20,2026-10-08
ALPINETEX,20,2026-10-08
ALUFLUOR,20,2026-10-08
AMAGI,20,2026-10-08
AMAL,20,2026-10-08
AMARJOTHI,20,2026-10-08
AMBICAAGAR,20,2026-10-08
AMBIKCO,20,2026-10-08
AMJLAND,20,2026-10-08
AMNPLST,20,2026-10-08
AMRUTANJAN,20,2026-10-08
ANANDRATHI,4,2026-10-08
ANANTRAJ,20,2026-10-08
ANDHRAPAP,20,2026-10-08
ANDHRSUGAR,20,2026-10-08
ANDREWYU,20,2026-10-08
ANIKINDS,20,2026-10-08
ANNAPURNA,20,2026-10-08
ANSALBU,20,2026-10-08
ANTELOPUS,20,2026-10-08
ANTGRAPHIC,20,2026-10-08
ANTHEM,20,2026-10-08
ANUHPHR,20,2026-10-08
ANUP,20,2026-10-08
ANURAS,20,2026-10-08
APARINDS,20,2026-10-08
APCL,20,2026-10-08
APCOTEXIND,20,2026-10-08
APEX,20,2026-10-08
APLLTD,20,2026-10-08
APOLLO,20,2026-10-08
APOLLOPIPE,20,2026-10-08
APOLLOTYRE,20,2026-10-08
APOLSINHOT,20,2026-10-08
APTECHT,20,2026-10-08
APTUS,20,2026-10-08
AQYLON,5,2026-10-08
ARCHIDPLY,20,2026-10-08
ARCHIES,20,2026-10-08
ARCL,10,2026-10-08
ARDEE,20,2026-10-08
ARE&M,20,2026-10-08
ARENTERP,20,2026-10-08
ARFIN,20,2026-10-08
ARIHANT,20,2026-10-08
ARIHANTCAP,20,2026-10-08
ARIHANTSUP,20,2026-10-08
ARIS,20,2026-10-08
ARKADE,20,2026-10-08
ARMANFIN,20,2026-10-08
AROGRANITE,20,2026-10-08
ARROWGREEN,20,2026-10-08
ARSSBL,20,2026-10-08
ARTEMISMED,20,2026-10-08
ARTNIRMAN,20,2026-10-08
ARVEE,10,2026-10-08
ARVIND,20,2026-10-08
ARVINDFASN,20,2026-10-08
ARVSMART,20,2026-10-08
ARYAMAN,20,2026-10-08
ASAHIINDIA,20,2026-10-08
ASAL,20,2026-10-08
ASALCBR,20,2026-10-08
ASHAPURMIN,20,2026-10-08
ASHIANA,20,2026-10-08
ASHIMASYN,20,2026-10-08
ASHOKA,20,2026-10-08
ASHOKAMET,20,2026-10-08
ASIANENE,20,2026-10-08
ASIANHOTNR,20,2026-10-08
ASIANTILES,20,2026-10-08
ASIANTNE,20,2026-10-08
ASKAUTOLTD,20,2026-10-08
ASMS,20,2026-10-08
ASPINWALL,20,2026-10-08
ASSAMENT,5,2026-10-08
ASTAR,20,2026-10-08
ASTEC,20,2026-10-08
ASTERDM,20,2026-10-08
ASTRAMICRO,20,2026-10-08
ASTRAZEN,20,2026-10-08
ATALREAL,5,2026-10-08
ATAM,20,2026-10-08
ATGL,20,2026-10-08
ATL,20,2026-10-08
ATLANTAA,20,2026-10-08
ATLANTAELE,10,2026-10-08
ATLASCYCLE,20,2026-10-08
ATUL,20,2026-10-08
ATULAUTO,20,2026-10-08
AURIONPRO,20,2026-10-08
AURUM,20,2026-10-08
AURUS,20,2026-10-08
AUSOMENT,10,2026-10-08
AUSTENG,20,2026-10-08
AUTOAXLES,20,2026-10-08
AUTOIND,20,2026-10-08
AVADHSUGAR,20,2026-10-08
AVALON,20,2026-10-08
AVANCE,20,2026-10-08
AVANTEL,20,2026-10-08
AVANTIFEED,20,2026-10-08
AVG,20,2026-10-08
AVL,20,2026-10-08
AVONMORE,20,2026-10-08
AVROIND,20,2026-10-08
AVTNPL,20,2026-10-08
AWFIS,20,2026-10-08
AWHCL,20,2026-10-08
AWL,20,2026-10-08
AXISCADES,10,2026-10-08
AXITA,20,2026-10-08
AXTEL,20,2026-10-08
AYE,20,2026-10-08
AYMSYNTEX,20,2026-10-08
AZAD,20,2026-10-08
AZADIND,20,2026-10-08
BAGFILMS,20,2026-10-08
BAIDFIN,20,2026-10-08
BAJAJCON,20,2026-10-08
BAJAJELEC,20,2026-10-08
BAJAJHCARE,20,2026-10-08
BAJAJHFL,10,2026-10-08
BAJAJHIND,20,2026-10-08
BAJAJINDEF,20,2026-10-08
BAJAJST,20,2026-10-08
BAJEL,20,2026-10-08
BALAJEE,20,2026-10-08
BALAJITELE,20,2026-10-08
BALAMINES,20,2026-10-08
BALAXI,20,2026-10-08
BALKRISHNA,20,2026-10-08
BALKRISIND,20,2026-10-08
BALMLAWRIE,20,2026-10-08
BALRAMCHIN,20,2026-10-08
BALUFORGE,20,2026-10-08
BANARBEADS,20,2026-10-08
BANARISUG,20,2026-10-08
BANCOINDIA,20,2026-10-08
BANG,20,2026-10-08
BANKA,10,2026-10-08
BANSALWIRE,20,2026-10-08
BANSWRAS,20,2026-10-08
BASF,20,2026-10-08
BASML,20,2026-10-08
BATAINDIA,20,2026-10-08
BATLIBOI,20,2026-10-08
BAYERCROP,20,2026-10-08
BBL,20,2026-10-08
BBOX,20,2026-10-08
BBTC,20,2026-10-08
BBTCL,20,2026-10-08
BCG,20,2026-10-08
BCLIND,20,2026-10-08
BCONCEPTS,20,2026-10-08
BCPL,20,2026-10-08
BEARDSELL,20,2026-10-08
BECTORFOOD,20,2026-10-08
BEDMUTHA,20,2026-10-08
BEEKAY,20,2026-10-08
BELLACASA,20,2026-10-08
BELRISE,20,2026-10-08
BEML,20,2026-10-08
BENARAS,20,2026-10-08
BENGALASM,20,2026-10-08
BEPL,20,2026-10-08
BERGEPAINT,20,2026-10-08
BESTAGRO,20,2026-10-08
BETA,20,2026-10-08
BFINVEST,20,2026-10-08
BFUTILITIE,20,2026-10-08
BHAGCHEM,20,2026-10-08
BHAGERIA,10,2026-10-08
BHANDARI,20,2026-10-08
BHARATCOAL,20,2026-10-08
BHARATRAS,20,2026-10-08
BHARATSE,20,2026-10-08
BHARATWIRE,20,2026-10-08
BHARTIHEXA,20,2026-10-08
BIGBLOC,20,2026-10-08
BIKAJI,20,2026-10-08
BIL,20,2026-10-08
BIMETAL,20,2026-10-08
BIOFILCHEM,20,2026-10-08
BIRLACABLE,5,2026-10-08
BIRLACORPN,20,2026-10-08
BIRLAMONEY,20,2026-10-08
BIRLANU,20,2026-10-08
BLACKBUCK,20,2026-10-08
BLACKROSE,20,2026-10-08
BLAL,20,2026-10-08
BLBLIMITED,20,2026-10-08
BLEL,20,2026-10-08
BLIL,20,2026-10-08
BLKASHYAP,20,2026-10-08
BLS,20,2026-10-08
BLSE,20,2026-10-08
BLUECLOUDS,20,2026-10-08
BLUECOAST,10,2026-10-08
BLUEDART,20,2026-10-08
BLUEJET,20,2026-10-08
BLUESTONE,20,2026-10-08
BLUSPRING,20,2026-10-08
BMWVENTLTD,20,2026-10-08
BNAGROCHEM,10,2026-10-08
BOHRAIND,5,2026-10-08
BOMDYEING,20,2026-10-08
BONLON,20,2026-10-08
BORANA,20,2026-10-08
BOROLTD,20,2026-10-08
BORORENEW,20,2026-10-08
BOROSCI,20,2026-10-08
BOSCH-HCIL,20,2026-10-08
BPL,20,2026-10-08
BPLPHARMA,20,2026-10-08
BRAHMINFRA,20,2026-10-08
BRIGADE,20,2026-10-08
BRIGHOTEL,20,2026-10-08
BRIGHTBR,20,2026-10-08
BRNL,20,2026-10-08
BROOKS,20,2026-10-08
BSHSL,20,2026-10-08
BSL,20,2026-10-08
BSOFT,20,2026-10-08
BTML,20,2026-10-08
BUTTERFLY,20,2026-10-08
BVCL,20,2026-10-08
BYKE,20,2026-10-08
CAMLINFINE,20,2026-10-08
CAMPUS,20,2026-10-08
CANFINHOME,20,2026-10-08
CANHLIFE,20,2026-10-08
CANTABIL,20,2026-10-08
CAPACITE,20,2026-10-08
CAPILLARY,20,2026-10-08
CAPITALSFB,20,2026-10-08
CAPLIPOINT,20,2026-10-08
CARBORUNIV,20,2026-10-08
CARERATING,20,2026-10-08
CARRARO,20,2026-10-08
CARTRADE,20,2026-10-08
CARYSIL,20,2026-10-08
CASTROLIND,20,2026-10-08
CCAVENUE,20,2026-10-08
CCCL,20,2026-10-08
CCHHL,20,2026-10-08
CCL,20,2026-10-08
CEATLTD,20,2026-10-08
CEIGALL,10,2026-10-08
CEINSYS,20,2026-10-08
CELEBRITY,20,2026-10-08
CELLO,20,2026-10-08
CEMPRO,10,2026-10-08
CENTENKA,20,2026-10-08
CENTEXT,20,2026-10-08
CENTRALBK,20,2026-10-08
CENTRUM,20,2026-10-08
CENTUM,20,2026-10-08
CENTURYPLY,20,2026-10-08
CERA,20,2026-10-08
CESC,20,2026-10-08
CEWATER,20,2026-10-08
CGCL,20,2026-10-08
CGVAK,20,2026-10-08
CHALET,20,2026-10-08
CHAMBLFERT,20,2026-10-08
CHEMBOND,20,2026-10-08
CHEMCON,20,2026-10-08
CHEMCRUX,20,2026-10-08
CHEMFAB,20,2026-10-08
CHEMPLASTS,20,2026-10-08
CHENNPETRO,20,2026-10-08
CHEVIOT,20,2026-10-08
CHOICEIN,20,2026-10-08
CHOLAHLDNG,20,2026-10-08
CIEINDIA,20,2026-10-08
CIFL,20,2026-10-08
CINELINE,20,2026-10-08
CINEVISTA,20,2026-10-08
CLEAN,20,2026-10-08
CLEANMAX,20,2026-10-08
CLEDUCATE,10,2026-10-08
CLSEL,20,2026-10-08
CMLL,20,2026-10-08
CMPDI,20,2026-10-08
CMRGREEN,10,2026-10-08
CMSINFO,20,2026-10-08
CNL,20,2026-10-08
COASTCORP,20,2026-10-08
COCKERILL,20,2026-10-08
COFFEEDAY,20,2026-10-08
COHANCE,20,2026-10-08
COMFINTE,20,2026-10-08
COMPEAU,20,2026-10-08
COMPUSOFT,20,2026-10-08
COMSYN,20,2026-10-08
CONCORDBIO,20,2026-10-08
CONFIPET,20,2026-10-08
CONTROLPR,20,2026-10-08
CORALFINAC,20,2026-10-08
CORDELIA,10,2026-10-08
COROMANDEL,20,2026-10-08
CORONA,20,2026-10-08
COSMOFIRST,20,2026-10-08
CPCAP,20,2026-10-08
CPEDU,20,2026-10-08
CPL,20,2026-10-08
CPPLUS,10,2026-10-08
CRAFTSMAN,20,2026-10-08
CRAMC,20,2026-10-08
CRAVATEX,20,2026-10-08
CREATIVEYE,20,2026-10-08
CREDITACC,20,2026-10-08
CREST,20,2026-10-08
CRISIL,20,2026-10-08
CRIZAC,10,2026-10-08
CROWN,20,2026-10-08
CSBBANK,20,2026-10-08
CSLFINANCE,20,2026-10-08
CSM,20,2026-10-08
CUB,20,2026-10-08
CUPID,20,2026-10-08
CYBERTECH,20,2026-10-08
CYIENT,20,2026-10-08
CYIENTDLM,20,2026-10-08
DALMIASUG,20,2026-10-08
DAMCAPITAL,20,2026-10-08
DANGEE,20,2026-10-08
DATAMATICS,20,2026-10-08
DATAPATTNS,20,2026-10-08
DAVANGERE,20,2026-10-08
DBCORP,20,2026-10-08
DBEIL,20,2026-10-08
DBL,20,2026-10-08
DBOL,20,2026-10-08
DBREALTY,10,2026-10-08
DCAL,20,2026-10-08
DCBBANK,20,2026-10-08
DCI,20,2026-10-08
DCM,20,2026-10-08
DCMFINSERV,20,2026-10-08
DCMSHRIRAM,20,2026-10-08
DCMSIL,20,2026-10-08
DCMSRIND,20,2026-10-08
DCW,20,2026-10-08
DCXINDIA,20,2026-10-08
DDEVPLSTIK,20,2026-10-08
DECCANCE,20,2026-10-08
DECNGOLD,20,2026-10-08
DEEDEV,10,2026-10-08
DEEPAKFERT,20,2026-10-08
DEEPAKNTR,20,2026-10-08
DEEPINDS,20,2026-10-08
DELTACORP,20,2026-10-08
DELTAMAGNT,20,2026-10-08
DEN,20,2026-10-08
DENORA,20,2026-10-08
DENTA,20,2026-10-08
DEVIT,20,2026-10-08
DEVX,20,2026-10-08
DEVYANI,20,2026-10-08
DGCONTENT,20,2026-10-08
DHAMPURSUG,20,2026-10-08
DHANBANK,20,2026-10-08
DHANUKA,20,2026-10-08
DHARMAJ,20,2026-10-08
DHATRE,20,2026-10-08
DHOOTTRANS,10,2026-10-08
DHRUV,10,2026-10-08
DHUNINV,20,2026-10-08
DIAMINESQ,20,2026-10-08
DIAMONDYD,20,2026-10-08
DICIND,20,2026-10-08
DIFFNKG,20,2026-10-08
DIGIDRIVE,20,2026-10-08
DIGISPICE,10,2026-10-08
DIGITIDE,20,2026-10-08
DISAQ,20,2026-10-08
DISHTV,10,2026-10-08
DIVGIITTS,20,2026-10-08
DJML,20,2026-10-08
DLINKINDIA,20,2026-10-08
DMCC,20,2026-10-08
DNAMEDIA,20,2026-10-08
DODLA,20,2026-10-08
DOLATALGO,20,2026-10-08
DOLLAR,20,2026-10-08
DOLPHIN,20,2026-10-08
DOMS,20,2026-10-08
DONEAR,20,2026-10-08
DPABHUSHAN,10,2026-10-08
DPWIRES,10,2026-10-08
DRAGARWQ,20,2026-10-08
DRCSYSTEMS,20,2026-10-08
DREAMFOLKS,20,2026-10-08
DREDGECORP,20,2026-10-08
DSSL,20,2026-10-08
DUCON,5,2026-10-08
DVL,20,2026-10-08
DWARKESH,20,2026-10-08
DYCL,20,2026-10-08
DYNAMATECH,20,2026-10-08
DYNPRO,20,2026-10-08
EASEMYTRIP,20,2026-10-08
EASTWEST,20,2026-10-08
EBGNG,20,2026-10-08
ECLERX,20,2026-10-08
ECORECO,20,2026-10-08
ECOSMOBLTY,20,2026-10-08
EDELWEISS,20,2026-10-08
EFCIL,20,2026-10-08
EIDPARRY,20,2026-10-08
EIEL,20,2026-10-08
EIHAHOTELS,20,2026-10-08
EIHOTEL,20,2026-10-08
EIMCOELECO,20,2026-10-08
EKC,20,2026-10-08
ELANTAS,20,2026-10-08
ELCIDIN,20,2026-10-08
ELDEHSG,20,2026-10-08
ELECON,20,2026-10-08
ELECTCAST,20,2026-10-08
ELECTHERM,10,2026-10-08
ELGIEQUIP,20,2026-10-08
ELGIRUBCO,20,2026-10-08
ELIN,20,2026-10-08
ELITECON,5,2026-10-08
ELLEN,10,2026-10-08
ELPROINTL,20,2026-10-08
EMAMILTD,20,2026-10-08
EMAMIREAL,10,2026-10-08
EMBDL,20,2026-10-08
EMCURE,10,2026-10-08
EMIL,20,2026-10-08
EMKAY,20,2026-10-08
EMMBI,20,2026-10-08
EMMVEE,10,2026-10-08
EMPIND,20,2026-10-08
EMPOWER,5,2026-10-08
EMSLIMITED,20,2026-10-08
EMUDHRA,20,2026-10-08
ENDURANCE,20,2026-10-08
ENERGYDEV,20,2026-10-08
ENGINERSIN,20,2026-10-08
ENIL,20,2026-10-08
ENKEIWHEL,20,2026-10-08
ENTERO,20,2026-10-08
EPACK,20,2026-10-08
EPACKPEB,20,2026-10-08
EPIGRAL,20,2026-10-08
EPL,20,2026-10-08
EQUITASBNK,20,2026-10-08
ERIS,20,2026-10-08
ESABINDIA,20,2026-10-08
ESCORTS,20,2026-10-08
ESSARSHPNG,20,2026-10-08
ESSENTIA,10,2026-10-08
ESTER,20,2026-10-08
ETHOSLTD,20,2026-10-08
EUREKAFORB,20,2026-10-08
EUROBOND,20,2026-10-08
EUROPRATIK,20,2026-10-08
EUROTEXIND,5,2026-10-08
EVEREADY,20,2026-10-08
EVERESTIND,20,2026-10-08
EXCELINDUS,20,2026-10-08
EXCELSOFT,20,2026-10-08
EXICOM,20,2026-10-08
EXIDEIND,20,2026-10-08
EXPLEOSOL,20,2026-10-08
EXXARO,20,2026-10-08
FABTECH,20,2026-10-08
FACT,20,2026-10-08
FAIRCHEMOR,20,2026-10-08
FAZE3Q,20,2026-10-08
FCL,20,2026-10-08
FCSSOFT,20,2026-10-08
FDC,20,2026-10-08
FEDDERSHOL,20,2026-10-08
FEDFINA,20,2026-10-08
FERMENTA,20,2026-10-08
FIBERWEB,20,2026-10-08
FIEMIND,20,2026-10-08
FILATEX,20,2026-10-08
FILATFASH,5,2026-10-08
FINCABLES,20,2026-10-08
FINEORG,20,2026-10-08
FINKURVE,20,2026-10-08
FINOPB,20,2026-10-08
FINPIPE,20,2026-10-08
FIRSTCRY,20,2026-10-08
FISCHER,20,2026-10-08
FIVESTAR,20,2026-10-08
FLAIR,10,2026-10-08
FLUOROCHEM,20,2026-10-08
FMGOETZE,20,2026-10-08
FMNL,10,2026-10-08
FOCUS,20,2026-10-08
FOODSIN,20,2026-10-08
FOSECOIND,20,2026-10-08
FRACTAL,20,2026-10-08
FREDUN,20,2026-10-08
FRONTSP,20,2026-10-08
FSL,20,2026-10-08
FUSION,20,2026-10-08
GABRIEL,20,2026-10-08
GAEL,20,2026-10-08
GALAPREC,20,2026-10-08
GALAXYSURF,20,2026-10-08
GALLANTT,20,2026-10-08
GANDHAR,20,2026-10-08
GANDHITUBE,20,2026-10-08
GANECOS,20,2026-10-08
GANESHCP,20,2026-10-08
GANESHHOU,20,2026-10-08
GANGAFORGE,5,2026-10-08
GANGESSECU,20,2026-10-08
GARFIBRES,20,2026-10-08
GARUDA,20,2026-10-08
GATEWAY,20,2026-10-08
GAUDIUMIVF,20,2026-10-08
GAYAHWS,20,2026-10-08
GAYAPROJ,5,2026-10-08
GCSL,20,2026-10-08
GEECEE,20,2026-10-08
GEEKAYWIRE,20,2026-10-08
GEMAROMA,20,2026-10-08
GENCON,20,2026-10-08
GENESYS,20,2026-10-08
GENUSPAPER,20,2026-10-08
GENUSPOWER,20,2026-10-08
GEOJITFSL,20,2026-10-08
GESHIP,20,2026-10-08
GFLLIMITED,20,2026-10-08
GHCL,20,2026-10-08
GHCLTEXTIL,20,2026-10-08
GICHSGFIN,20,2026-10-08
GICRE,20,2026-10-08
GILLANDERS,20,2026-10-08
GILLETTE,20,2026-10-08
GIPCL,20,2026-10-08
GKB,20,2026-10-08
GKENERGY,10,2026-10-08
GKSL,20,2026-10-08
GKWLIMITED,20,2026-10-08
GLAND,20,2026-10-08
GLAXO,20,2026-10-08
GLFL,10,2026-10-08
GLOBAL,20,2026-10-08
GLOBALE,10,2026-10-08
GLOBALVECT,20,2026-10-08
GLOBE,20,2026-10-08
GLOBECIVIL,20,2026-10-08
GLOBUSSPR,20,2026-10-08
GLOSTERLTD,20,2026-10-08
GLOTTIS,20,2026-10-08
GMBREW,20,2026-10-08
GMDCLTD,20,2026-10-08
GMMPFAUDLR,20,2026-10-08
GMRP&UI,20,2026-10-08
GNA,20,2026-10-08
GNFC,20,2026-10-08
GNRL,20,2026-10-08
GOACARBON,20,2026-10-08
GOCLCORP,20,2026-10-08
GOCOLORS,20,2026-10-08
GODAVARIB,20,2026-10-08
GODIGIT,20,2026-10-08
GODREJAGRO,20,2026-10-08
GODREJIND,20,2026-10-08
GOKEX,20,2026-10-08
GOKUL,20,2026-10-08
GOKULAGRO,20,2026-10-08
GOLDIAM,20,2026-10-08
GOODLUCK,20,2026-10-08
GOODYEAR,20,2026-10-08
GOPAL,10,2026-10-08
GOYALALUM,20,2026-10-08
GPIL,20,2026-10-08
GPPL,20,2026-10-08
GPTHEALTH,20,2026-10-08
GPTINFRA,20,2026-10-08
GRANDOAK,10,2026-10-08
GRANULES,20,2026-10-08
GRAPHITE,20,2026-10-08
GRAUWEIL,20,2026-10-08
GRAVITA,20,2026-10-08
GREAVESCOT,20,2026-10-08
GREENLAM,20,2026-10-08
GREENPANEL,20,2026-10-08
GREENPLY,20,2026-10-08
GREENPOWER,20,2026-10-08
GRINDWELL,20,2026-10-08
GRINFRA,20,2026-10-08
GRMOVER,20,2026-10-08
GROBTEA,20,2026-10-08
GROWW,20,2026-10-08
GRPLTD,20,2026-10-08
GRSE,20,2026-10-08
GRWRHITECH,20,2026-10-08
GSFC,20,2026-10-08
GSLSU,5,2026-10-08
GSPCROP,20,2026-10-08
GSS,20,2026-10-08
GTECJAINX,5,2026-10-08
GTL,20,2026-10-08
GTLINFRA,20,2026-10-08
GTPL,20,2026-10-08
GUFICBIO,20,2026-10-08
GUJALKALI,20,2026-10-08
GUJAPOLLO,20,2026-10-08
GUJENERGY,20,2026-10-08
GUJRAFFIA,20,2026-10-08
GUJTHEM,20,2026-10-08
GULFOILLUB,20,2026-10-08
GULPOLY,20,2026-10-08
GVPIL,20,2026-10-08
GYFTR,20,2026-10-08
HALDER,20,2026-10-08
HALDYNGL,20,2026-10-08
HALEOSLABS,20,2026-10-08
HAMPTON,20,2026-10-08
HAPPSTMNDS,20,2026-10-08
HAPPYFORGE,10,2026-10-08
HARDWYN,20,2026-10-08
HARIOMPIPE,20,2026-10-08
HARRMALAYA,20,2026-10-08
HARSHA,20,2026-10-08
HATHWAY,20,2026-10-08
HATSUN,20,2026-10-08
HAVISHA,20,2026-10-08
HAWKINCOOK,20,2026-10-08
HAZOOR,20,2026-10-08
HBESD,20,2026-10-08
HBLENGINE,20,2026-10-08
HBPOR,20,2026-10-08
HBSL,20,2026-10-08
HCC,20,2026-10-08
HCG,20,2026-10-08
HCL-INSYS,20,2026-10-08
HDBFS,20,2026-10-08
HEADSUP,20,2026-10-08
HEALTHX,20,2026-10-08
HECPROJECT,20,2026-10-08
HEIDELBERG,20,2026-10-08
HEMIPROP,20,2026-10-08
HERANBA,20,2026-10-08
HERITGFOOD,20,2026-10-08
HESTERBIO,20,2026-10-08
HEXATRADEX,10,2026-10-08
HEXT,20,2026-10-08
HGINFRA,20,2026-10-08
HGM,20,2026-10-08
HGS,20,2026-10-08
HIKAL,20,2026-10-08
HILINFRA,20,2026-10-08
HILTON,10,2026-10-08
HIMATSEIDE,20,2026-10-08
HINDADH,20,2026-10-08
HINDALUMI,20,2026-10-08
HINDCOMPOS,20,2026-10-08
HINDCOPPER,20,2026-10-08
HINDOILEXP,20,2026-10-08
HINDWAREAP,20,2026-10-08
HIRECT,20,2026-10-08
HISARMETAL,20,2026-10-08
HITECH,20,2026-10-08
HLEGLAS,5,2026-10-08
HLVLTD,20,2026-10-08
HMAAGRO,20,2026-10-08
HNDFDS,20,2026-10-08
HOMEFIRST,20,2026-10-08
HONASA,20,2026-10-08
HONAUT,20,2026-10-08
HONDAPOWER,20,2026-10-08
HPAL,20,2026-10-08
HPIL,20,2026-10-08
HPL,20,2026-10-08
HRYNSHP,20,2026-10-08
HSCL,20,2026-10-08
HTMEDIA,20,2026-10-08
HUBTOWN,20,2026-10-08
HUDCO,20,2026-10-08
HUHTAMAKI,20,2026-10-08
HYBRIDFIN,10,2026-10-08
IBULLSLTD,20,2026-10-08
ICEMAKE,20,2026-10-08
ICICIAMC,10,2026-10-08
ICIL,20,2026-10-08
ICRA,20,2026-10-08
IDBI,20,2026-10-08
IDEAFORGE,10,2026-10-08
IFBAGRO,20,2026-10-08
IFBIND,20,2026-10-08
IFCI,20,2026-10-08
IFGLEXPOR,20,2026-10-08
IGARASHI,20,2026-10-08
IGCL,20,2026-10-08
IGIL,10,2026-10-08
IGL,20,2026-10-08
IGPL,20,2026-10-08
IIFL,20,2026-10-08
IIFLCAPS,20,2026-10-08
IITL,20,2026-10-08
IKIO,20,2026-10-08
IKS,20,2026-10-08
IMAGICAA,20,2026-10-08
IMFA,20,2026-10-08
IMPAL,20,2026-10-08
INA,20,2026-10-08
INCREDIBLE,20,2026-10-08
INDBANK,20,2026-10-08
INDGN,20,2026-10-08
INDIACEM,20,2026-10-08
INDIAGLYCO,20,2026-10-08
INDIAMART,20,2026-10-08
INDIANCARD,20,2026-10-08
INDIANHUME,20,2026-10-08
INDIASHLTR,20,2026-10-08
INDIGOPNTS,20,2026-10-08
INDIQUBE,20,2026-10-08
INDNIPPON,20,2026-10-08
INDOAMIN,20,2026-10-08
INDOBORAX,20,2026-10-08
INDOCO,20,2026-10-08
INDOFARM,20,2026-10-08
INDOKEM,20,2026-10-08
INDOMIM,10,2026-10-08
INDORAMA,10,2026-10-08
INDOSTAR,20,2026-10-08
INDOTECH,10,2026-10-08
INDOTHAI,5,2026-10-08
INDOUS,20,2026-10-08
INDOWIND,20,2026-10-08
INDPRUD,20,2026-10-08
INDRAMEDCO,20,2026-10-08
INDSWFTLAB,20,2026-10-08
INDTERRAIN,20,2026-10-08
INFOBEAN,20,2026-10-08
INFOMEDIA,20,2026-10-08
INGERRAND,20,2026-10-08
INNOVACAP,20,2026-10-08
INNOVANA,20,2026-10-08
INNOVISION,20,2026-10-08
INOXGREEN,20,2026-10-08
INOXINDIA,20,2026-10-08
INSECTICID,20,2026-10-08
INSPIRISYS,10,2026-10-08
INTELLECT,20,2026-10-08
INTENTECH,20,2026-10-08
INTERARCH,20,2026-10-08
INTLCONV,20,2026-10-08
INVENTURE,20,2026-10-08
IOB,20,2026-10-08
IOLCP,20,2026-10-08
IONEXCHANG,20,2026-10-08
IPCALAB,20,2026-10-08
IPL,20,2026-10-08
IPRINGLTD,20,2026-10-08
IRB,20,2026-10-08
IRCON,20,2026-10-08
IRCTC,20,2026-10-08
IRIS,20,2026-10-08
IRISDOREME,20,2026-10-08
IRMENERGY,20,2026-10-08
ISGEC,20,2026-10-08
ISHANCH,20,2026-10-08
ISTLTD,20,2026-10-08
ITCHOTELS,20,2026-10-08
ITDC,20,2026-10-08
ITI,20,2026-10-08
ITL,20,2026-10-08
IVALUE,20,2026-10-08
IVC,20,2026-10-08
IWP,20,2026-10-08
IXIGO,20,2026-10-08
IZMO,20,2026-10-08
J&KBANK,20,2026-10-08
JAGRAN,20,2026-10-08
JAGSNPHARM,20,2026-10-08
JAIBALAJI,10,2026-10-08
JAICORPLTD,20,2026-10-08
JAINREC,20,2026-10-08
JAIPURKURT,20,2026-10-08
JAMNAAUTO,20,2026-10-08
JARO,20,2026-10-08
JASH,20,2026-10-08
JAYAGROGN,20,2026-10-08
JAYBARMARU,20,2026-10-08
JAYKAY,10,2026-10-08
JAYNECOIND,20,2026-10-08
JAYSREETEA,20,2026-10-08
JBMA,20,2026-10-08
JENBURPH,20,2026-10-08
JETFREIGHT,20,2026-10-08
JGCHEM,20,2026-10-08
JINDALPHOT,20,2026-10-08
JINDALPOLY,20,2026-10-08
JINDALSAW,20,2026-10-08
JINDRILL,20,2026-10-08
JINDWORLD,10,2026-10-08
JISLDVREQS,20,2026-10-08
JISLJALEQS,20,2026-10-08
JITFINFRA,20,2026-10-08
JKCEMENT,20,2026-10-08
JKIL,20,2026-10-08
JKIPL,10,2026-10-08
JKLAKSHMI,20,2026-10-08
JKPAPER,20,2026-10-08
JKTYRE,20,2026-10-08
JLHL,20,2026-10-08
JMA,20,2026-10-08
JMFINANCIL,20,2026-10-08
JNKINDIA,20,2026-10-08
JNPR,10,2026-10-08
JOCIL,20,2026-10-08
JPOLYINVST,20,2026-10-08
JPPOWER,20,2026-10-08
JSFB,20,2026-10-08
JSL,20,2026-10-08
JSLL,20,2026-10-08
JSWCEMENT,20,2026-10-08
JSWDULUX,20,2026-10-08
JSWHL,20,2026-10-08
JSWINFRA,20,2026-10-08
JTEKTINDIA,20,2026-10-08
JTLIND,20,2026-10-08
JUBLCPL,20,2026-10-08
JUBLINGREA,20,2026-10-08
JUBLPHARMA,20,2026-10-08
JUNIPER,10,2026-10-08
JUSTDIAL,20,2026-10-08
JWL,20,2026-10-08
JYOTHYLAB,20,2026-10-08
JYOTICNC,20,2026-10-08
JYOTIRES,20,2026-10-08
JYOTISTRUC,20,2026-10-08
KAJARIACER,20,2026-10-08
KAKATCEM,10,2026-10-08
KALAMANDIR,20,2026-10-08
KALPATARU,10,2026-10-08
KAMAHOLD,20,2026-10-08
KAMANWALA,17,2026-10-08
KAMATHOTEL,20,2026-10-08
KAMDHENU,20,2026-10-08
KAMOPAINTS,20,2026-10-08
KANANIIND,20,2026-10-08
KANCHI,10,2026-10-08
KANCOTEA,10,2026-10-08
KANPRPLA,20,2026-10-08
KANSAINER,20,2026-10-08
KAPSTON,20,2026-10-08
KARMAENG,20,2026-10-08
KARURVYSYA,20,2026-10-08
KCP,20,2026-10-08
KDDL,20,2026-10-08
KEC,20,2026-10-08
KECL,20,2026-10-08
KEEPLEARN,20,2026-10-08
KELLTONTEC,20,2026-10-08
KENNAMET,20,2026-10-08
KERNEX,20,2026-10-08
KESORAMIND,10,2026-10-08
KEYFINSERV,20,2026-10-08
KHAICHEM,20,2026-10-08
KHAITANLTD,20,2026-10-08
KHANDSE,20,2026-10-08
KICL,20,2026-10-08
KILITCH,20,2026-10-08
KIMS,20,2026-10-08
KINGFA,20,2026-10-08
KIOCL,20,2026-10-08
KIRANVYPAR,20,2026-10-08
KIRIINDUS,20,2026-10-08
KIRLFER,20,2026-10-08
KIRLOSBROS,20,2026-10-08
KIRLOSENG,20,2026-10-08
KIRLOSIND,20,2026-10-08
KIRLPNU,20,2026-10-08
KISSHT,20,2026-10-08
KITEX,20,2026-10-08
KJMCFIN,10,2026-10-08
KKCL,20,2026-10-08
KLBRENG-B,20,2026-10-08
KMCSHIL,20,2026-10-08
KMEW,20,2026-10-08
KNACK,20,2026-10-08
KNAGRI,20,2026-10-08
KNRCON,20,2026-10-08
KOHINOOR,20,2026-10-08
KOKUYOCMLN,20,2026-10-08
KOLTEPATIL,20,2026-10-08
KOPRAN,20,2026-10-08
KOTHARIPET,20,2026-10-08
KOTHARIPRO,20,2026-10-08
KOTIC,20,2026-10-08
KOTYARK,20,2026-10-08
KOVAI,20,2026-10-08
KPEL,20,2026-10-08
KPIGREEN,20,2026-10-08
KPIL,20,2026-10-08
KPL,20,2026-10-08
KPRMILL,20,2026-10-08
KRBL,20,2026-10-08
KREBSBIO,20,2026-10-08
KRIDHANINF,10,2026-10-08
KRISHANA,20,2026-10-08
KRISHIVAL,20,2026-10-08
KRISHNADEF,20,2026-10-08
KRITI,20,2026-10-08
KRITIKA,20,2026-10-08
KRITINUT,10,2026-10-08
KRN,10,2026-10-08
KROSS,20,2026-10-08
KRSNAA,20,2026-10-08
KRYSTAL,20,2026-10-08
KSB,20,2026-10-08
KSCL,20,2026-10-08
KSE,20,2026-10-08
KSHINTL,20,2026-10-08
KSL,20,2026-10-08
KSOLVES,20,2026-10-08
KTKBANK,20,2026-10-08
KUANTUM,20,2026-10-08
KUSUMGAR,10,2026-10-08
KWIL,20,2026-10-08
LAGNAM,20,2026-10-08
LAHOTIOV,20,2026-10-08
LAKSHMIMIL,20,2026-10-08
LAL,20,2026-10-08
LALPATHLAB,20,2026-10-08
LAMBODHARA,20,2026-10-08
LANCER,20,2026-10-08
LANDMARK,20,2026-10-08
LAOPALA,20,2026-10-08
LASERPOWER,10,2026-10-08
LATENTVIEW,20,2026-10-08
LATTEYS,20,2026-10-08
LAXMICOT,20,2026-10-08
LAXMIDENTL,20,2026-10-08
LAXMIINDIA,20,2026-10-08
LCL,20,2026-10-08
LEAPIND,20,2026-10-08
LEMERITE,10,2026-10-08
LEMONTREE,20,2026-10-08
LENSKART,20,2026-10-08
LEXUS,20,2026-10-08
LFIC,20,2026-10-08
LGBBROSLTD,20,2026-10-08
LGEINDIA,10,2026-10-08
LGHL,20,2026-10-08
LIBAS,20,2026-10-08
LIBERTSHOE,20,2026-10-08
LIKHITHA,20,2026-10-08
LINC,20,2026-10-08
LINCOLN,20,2026-10-08
LINDEINDIA,20,2026-10-08
LKPSEC,20,2026-10-08
LLOYDSENGG,20,2026-10-08
LLOYDSENT,20,2026-10-08
LLOYDSME,20,2026-10-08
LMW,20,2026-10-08
LOKESHMACH,20,2026-10-08
LORDSCHLO,20,2026-10-08
LOTUSCHO,20,2026-10-08
LOTUSEYE,20,2026-10-08
LOVABLE,20,2026-10-08
LOYALTEX,20,2026-10-08
LPDC,20,2026-10-08
LTFOODS,20,2026-10-08
LTTS,20,2026-10-08
LUMAXIND,20,2026-10-08
LUMAXTECH,20,2026-10-08
LUXIND,20,2026-10-08
LXCHEM,20,2026-10-08
M&MFIN,20,2026-10-08
MAANALU,20,2026-10-08
MACPOWER,20,2026-10-08
MADHAV,20,2026-10-08
MADHAVIPL,20,2026-10-08
MADHUCON,10,2026-10-08
MADRASFERT,20,2026-10-08
MAFATIND,20,2026-10-08
MAGADSUGAR,20,2026-10-08
MAGNUM,20,2026-10-08
MAHABANK,1,2026-10-08
MAHAPEXLTD,20,2026-10-08
MAHEPC,20,2026-10-08
MAHESHWARI,20,2026-10-08
MAHLIFE,20,2026-10-08
MAHLOG,20,2026-10-08
MAHSCOOTER,20,2026-10-08
MAHSEAMLES,20,2026-10-08
MAITHANALL,20,2026-10-08
MAKERSL,20,2026-10-08
MALLCOM,20,2026-10-08
MALUPAPER,20,2026-10-08
MAMATA,20,2026-10-08
MANAKALUCO,20,2026-10-08
MANAKCOAT,20,2026-10-08
MANAKSIA,20,2026-10-08
MANALIPETC,20,2026-10-08
MANBA,20,2026-10-08
MANCREDIT,20,2026-10-08
MANGALAM,10,2026-10-08
MANGLMCEM,20,2026-10-08
MANINDS,20,2026-10-08
MANINFRA,20,2026-10-08
MANIPALHOS,20,2026-10-08
MANOMAY,20,2026-10-08
MANORAMA,20,2026-10-08
MANORG,10,2026-10-08
MANYAVAR,20,2026-10-08
MAPMYINDIA,20,2026-10-08
MARALOVER,20,2026-10-08
MARATHON,20,2026-10-08
MARINE,20,2026-10-08
MARKOLINES,20,2026-10-08
MARKSANS,20,2026-10-08
MARSONS,20,2026-10-08
MASFIN,20,2026-10-08
MASKINVEST,10,2026-10-08
MASTEK,20,2026-10-08
MASTERTR,20,2026-10-08
MATRIMONY,20,2026-10-08
MAWANASUG,20,2026-10-08
MAXESTATES,20,2026-10-08
MAXIND,20,2026-10-08
MAYURUNIQ,20,2026-10-08
MBAPL,20,2026-10-08
MBEL,20,2026-10-08
MBLINFRA,10,2026-10-08
MCCHRLS-B,20,2026-10-08
MCL,20,2026-10-08
MCLEODRUSS,10,2026-10-08
MCLOUD,20,2026-10-08
MEDANTA,20,2026-10-08
MEDIASSIST,20,2026-10-08
MEDICO,10,2026-10-08
MEDPLUS,20,2026-10-08
MEESHO,20,2026-10-08
MEGASTAR,20,2026-10-08
MEIL,20,2026-10-08
MENONBE,20,2026-10-08
MERCANTILE,20,2026-10-08
MERCURYEV,20,2026-10-08
METROBRAND,20,2026-10-08
METROGLOBL,20,2026-10-08
METROPOLIS,20,2026-10-08
MFML,20,2026-10-08
MGEL,20,2026-10-08
MGL,20,2026-10-08
MHRIL,20,2026-10-08
MIDHANI,20,2026-10-08
MIDWESTLTD,10,2026-10-08
MIIL,20,2026-10-08
MINDACORP,20,2026-10-08
MINDTECK,20,2026-10-08
MIRZAINT,20,2026-10-08
MITCON,20,2026-10-08
MITTAL,20,2026-10-08
MKEXIM,20,2026-10-08
MKPL,20,2026-10-08
MLKFOOD,20,2026-10-08
MMFL,20,2026-10-08
MMP,20,2026-10-08
MMTC,20,2026-10-08
MMWL,10,2026-10-08
MOBIKWIK,20,2026-10-08
MODINATUR,20,2026-10-08
MODIRUBBER,20,2026-10-08
MODIS,20,2026-10-08
MODTHREAD,20,2026-10-08
MOHITE,20,2026-10-08
MOHITIND,20,2026-10-08
MOIL,20,2026-10-08
MOKSH,20,2026-10-08
MOL,20,2026-10-08
MOLBIO,20,2026-10-08
MOLDTKPAC,20,2026-10-08
MONARCH,20,2026-10-08
MONTECARLO,20,2026-10-08
MOREPENLAB,10,2026-10-08
MOSCHIP,20,2026-10-08
MOTISONS,20,2026-10-08
MOTOGENFIN,20,2026-10-08
MPSLTD,20,2026-10-08
MRF,20,2026-10-08
MRPL,20,2026-10-08
MSL,20,2026-10-08
MSPL,20,2026-10-08
MSTCLTD,20,2026-10-08
MSUMI,20,2026-10-08
MTNL,20,2026-10-08
MUFIN,20,2026-10-08
MUFTI,20,2026-10-08
MUKANDLTD,20,2026-10-08
MUKESHB,5,2026-10-08
MUKTAARTS,20,2026-10-08
MUNJALAU,20,2026-10-08
MUNJALSHOW,20,2026-10-08
MURUDCERA,20,2026-10-08
MUTHOOTCAP,20,2026-10-08
MUTHOOTMF,20,2026-10-08
MVELECTRO,20,2026-10-08
MVGJL,10,2026-10-08
MWL,20,2026-10-08
NACLIND,20,2026-10-08
NAGREEKCAP,20,2026-10-08
NAGREEKEXP,20,2026-10-08
NAHARCAP,20,2026-10-08
NAHARINDUS,20,2026-10-08
NAHARPOLY,20,2026-10-08
NAHARSPING,20,2026-10-08
NARMADA,20,2026-10-08
NATCOPHARM,20,2026-10-08
NATHBIOGEN,20,2026-10-08
NATIONSTD,5,2026-10-08
NAVA,20,2026-10-08
NAVINFLUOR,20,2026-10-08
NAVKARCORP,20,2026-10-08
NAVKARURB,10,2026-10-08
NAVNETEDUL,20,2026-10-08
NAZARA,20,2026-10-08
NBIFIN,20,2026-10-08
NCC,20,2026-10-08
NCLIND,20,2026-10-08
NDGL,20,2026-10-08
NDL,20,2026-10-08
NDLVENTURE,20,2026-10-08
NDRAUTO,20,2026-10-08
NDTV,20,2026-10-08
NEAGI,10,2026-10-08
NECCLTD,20,2026-10-08
NECLIFE,5,2026-10-08
NELCAST,20,2026-10-08
NELCO,20,2026-10-08
NEOGEN,20,2026-10-08
NEPHROPLUS,20,2026-10-08
NESCO,20,2026-10-08
NETWEB,20,2026-10-08
NETWORK18,20,2026-10-08
NEULANDLAB,20,2026-10-08
NEWGEN,20,2026-10-08
NEXTMEDIA,5,2026-10-08
NFL,20,2026-10-08
NGIL,20,2026-10-08
NGLFINE,20,2026-10-08
NH,20,2026-10-08
NIACL,20,2026-10-08
NIBE,20,2026-10-08
NIBL,20,2026-10-08
NICCOPAR,20,2026-10-08
NIITLTD,20,2026-10-08
NIITMTS,20,2026-10-08
NILAINFRA,20,2026-10-08
NILASPACES,20,2026-10-08
NILE,20,2026-10-08
NILKAMAL,20,2026-10-08
NIMBSPROJ,5,2026-10-08
NINSYS,5,2026-10-08
NIPPOBATRY,20,2026-10-08
NIRAJ,20,2026-10-08
NIRLON,20,2026-10-08
NITCO,20,2026-10-08
NITINSPIN,20,2026-10-08
NITIRAJ,20,2026-10-08
NITTAGELA,20,2026-10-08
NIVABUPA,20,2026-10-08
NKIND,20,2026-10-08
NLCINDIA,20,2026-10-08
NOCIL,20,2026-10-08
NOIDATOLL,20,2026-10-08
NORBTEAEXP,10,2026-10-08
NORTHARC,20,2026-10-08
NOVAAGRI,20,2026-10-08
NOVARTIND,20,2026-10-08
NPST,20,2026-10-08
NRAIL,20,2026-10-08
NRBBEARING,20,2026-10-08
NSIL,20,2026-10-08
NSLNISP,20,2026-10-08
NTCIND,20,2026-10-08
NTPCGREEN,20,2026-10-08
NUCLEUS,20,2026-10-08
NUVAMA,20,2026-10-08
NUVOCO,20,2026-10-08
OAL,20,2026-10-08
OBCL,20,2026-10-08
ODIGMA,10,2026-10-08
ODYCORP,20,2026-10-08
OLAELEC,20,2026-10-08
OLECTRA,20,2026-10-08
OMAXAUTO,20,2026-10-08
OMAXE,10,2026-10-08
OMFREIGHT,20,2026-10-08
OMINFRAL,20,2026-10-08
OMNI,20,2026-10-08
OMPOWER,20,2026-10-08
ONEGLOBAL,20,2026-10-08
ONEPOINT,20,2026-10-08
ONESOURCE,20,2026-10-08
ONIDA,10,2026-10-08
ONIXSOLAR,5,2026-10-08
ONWARDTEC,20,2026-10-08
OPTIEMUS,20,2026-10-08
OPTIFIN,20,2026-10-08
ORBTEXP,20,2026-10-08
ORCHASP,20,2026-10-08
ORCHPHARMA,20,2026-10-08
ORICONENT,20,2026-10-08
ORIENTALTL,20,2026-10-08
ORIENTBELL,20,2026-10-08
ORIENTCEM,20,2026-10-08
ORIENTCER,20,2026-10-08
ORIENTELEC,20,2026-10-08
ORIENTHOT,20,2026-10-08
ORIENTPPR,20,2026-10-08
ORIENTTECH,20,2026-10-08
ORIRAIL,20,2026-10-08
ORISSAMINE,20,2026-10-08
ORKLAINDIA,20,2026-10-08
ORTINGLOBE,10,2026-10-08
OSWALAGRO,20,2026-10-08
OSWALGREEN,20,2026-10-08
OSWALPUMPS,10,2026-10-08
OSWALSEEDS,20,2026-10-08
PACEDIGITK,20,2026-10-08
PACIFICI,20,2026-10-08
PAISALO,20,2026-10-08
PAKKA,20,2026-10-08
PALASHSECU,20,2026-10-08
PALREDTEC,5,2026-10-08
PANACEABIO,20,2026-10-08
PANAMAPET,20,2026-10-08
PANCHMAHQ,20,2026-10-08
PANORAMA,20,2026-10-08
PANSARI,20,2026-10-08
PARACABLES,20,2026-10-08
PARADEEP,20,2026-10-08
PARAGMILK,20,2026-10-08
PARAS,20,2026-10-08
PARASPETRO,5,2026-10-08
PARKHOSPS,10,2026-10-08
PARKHOTELS,20,2026-10-08
PARNAXLAB,20,2026-10-08
PASHUPATI,20,2026-10-08
PASUPTAC,20,2026-10-08
PATELENG,20,2026-10-08
PATELRMART,20,2026-10-08
PATINTLOG,20,2026-10-08
PAUSHAKLTD,20,2026-10-08
PAVNAIND,20,2026-10-08
PBMPOLY,20,2026-10-08
PCBL,20,2026-10-08
PCJEWELLER,20,2026-10-08
PDMJEPAPER,20,2026-10-08
PDSL,20,2026-10-08
PEARLPOLY,5,2026-10-08
PENIND,20,2026-10-08
PENINLAND,20,2026-10-08
PERMAGN,20,2026-10-08
PFIZER,20,2026-10-08
PFOCUS,20,2026-10-08
PFS,20,2026-10-08
PGHH,20,2026-10-08
PGHL,20,2026-10-08
PGIL,20,2026-10-08
PHOENXINTL,20,2026-10-08
PICCADIL,20,2026-10-08
PIGL,20,2026-10-08
PILANIINVS,20,2026-10-08
PILITA,10,2026-10-08
PINELABS,20,2026-10-08
PIONEEREMB,20,2026-10-08
PIRAMALFIN,20,2026-10-08
PITTIENG,20,2026-10-08
PIXTRANS,20,2026-10-08
PLASTIBLEN,20,2026-10-08
PLATIND,20,2026-10-08
PLAZACABLE,10,2026-10-08
PML,20,2026-10-08
PNBGILTS,20,2026-10-08
PNC,20,2026-10-08
PNCINFRA,20,2026-10-08
PNGJL,10,2026-10-08
PNGSREVA,20,2026-10-08
POCL,20,2026-10-08
PODDARMENT,20,2026-10-08
POEL,20,2026-10-08
POKARNA,20,2026-10-08
POLYMED,20,2026-10-08
POLYPLEX,20,2026-10-08
POLYSPIN,20,2026-10-08
PONNIERODE,20,2026-10-08
POONAWALLA,20,2026-10-08
POWERICA,10,2026-10-08
POWERMECH,20,2026-10-08
PPL,20,2026-10-08
PPLPHARMA,20,2026-10-08
PRABHA,20,2026-10-08
PRADPME,10,2026-10-08
PRAENG,20,2026-10-08
PRAJIND,20,2026-10-08
PRAKASH,20,2026-10-08
PRAKASHSTL,20,2026-10-08
PRAVEG,20,2026-10-08
PRAXIS,10,2026-10-08
PRECAM,20,2026-10-08
PRECOT,20,2026-10-08
PRECWIRE,20,2026-10-08
PREMCO,20,2026-10-08
PREMEXPLN,20,2026-10-08
PREMIERPOL,20,2026-10-08
PRICOLLTD,20,2026-10-08
PRIMESECU,20,2026-10-08
PRIMO,20,2026-10-08
PRINCEPIPE,20,2026-10-08
PRISMX,18,2026-10-08
PRITI,20,2026-10-08
PRITIKAUTO,20,2026-10-08
PRIVISCL,20,2026-10-08
PROSTARM,20,2026-10-08
PROTEAN,10,2026-10-08
PROZONER,20,2026-10-08
PRSMJOHNSN,20,2026-10-08
PRUDENT,20,2026-10-08
PRUDMOULI,20,2026-10-08
PSB,20,2026-10-08
PSPPROJECT,20,2026-10-08
PTC,20,2026-10-08
PTCIL,20,2026-10-08
PTL,20,2026-10-08
PUNJABCHEM,20,2026-10-08
PURVA,20,2026-10-08
PVP,5,2026-10-08
PVRINOX,20,2026-10-08
PVSL,20,2026-10-08
PWL,20,2026-10-08
PYRAMID,20,2026-10-08
QPOWER,10,2026-10-08
QUADFUTURE,20,2026-10-08
QUESS,20,2026-10-08
QUICKHEAL,20,2026-10-08
RACE,20,2026-10-08
RACLGEAR,20,2026-10-08
RADAAN,20,2026-10-08
RADIANTCMS,20,2026-10-08
RADIOCITY,20,2026-10-08
RAILTEL,20,2026-10-08
RAIN,20,2026-10-08
RAINBOW,20,2026-10-08
RAJMET,20,2026-10-08
RAJOOENG,20,2026-10-08
RAJPALAYAM,20,2026-10-08
RAJRATAN,20,2026-10-08
RAJSREESUG,20,2026-10-08
RALLIS,20,2026-10-08
RAMANEWS,20,2026-10-08
RAMAPHO,20,2026-10-08
RAMBHAJO,5,2026-10-08
RAMCOCEM,20,2026-10-08
RAMCOIND,20,2026-10-08
RAMCOSYS,10,2026-10-08
RAMKY,20,2026-10-08
RAMRAT,20,2026-10-08
RANASUG,20,2026-10-08
RANEHOLDIN,20,2026-10-08
RATEGAIN,20,2026-10-08
RATNAMANI,20,2026-10-08
RATNAVEER,20,2026-10-08
RAYMOND,10,2026-10-08
RAYMONDLSL,20,2026-10-08
RAYMONDREL,20,2026-10-08
RBA,20,2026-10-08
RCF,20,2026-10-08
REDINGTON,20,2026-10-08
REDTAPE,20,2026-10-08
REFEX,20,2026-10-08
REGAAL,20,2026-10-08
REGENCERAM,20,2026-10-08
RELAXO,20,2026-10-08
RELCHEMQ,20,2026-10-08
RELIABLE,20,2026-10-08
RELIGARE,20,2026-10-08
RELTD,20,2026-10-08
REMSONSIND,20,2026-10-08
RENUKA,20,2026-10-08
REPCOHOME,20,2026-10-08
REPL,20,2026-10-08
REPRO,20,2026-10-08
RESPONIND,20,2026-10-08
RGL,20,2026-10-08
RHETAN,5,2026-10-08
RHIM,20,2026-10-08
RHL,20,2026-10-08
RICOAUTO,20,2026-10-08
RIIL,20,2026-10-08
RIR,20,2026-10-08
RISHABH,20,2026-10-08
RITCO,20,2026-10-08
RITES,20,2026-10-08
RKDL,20,2026-10-08
RKFORGE,20,2026-10-08
RKSWAMY,20,2026-10-08
RMC,20,2026-10-08
RML,20,2026-10-08
ROHLTD,20,2026-10-08
ROLEXRINGS,20,2026-10-08
ROML,20,2026-10-08
ROSSARI,20,2026-10-08
ROSSELLIND,20,2026-10-08
ROSSTECH,20,2026-10-08
ROTO,20,2026-10-08
ROUTE,20,2026-10-08
RPEL,20,2026-10-08
RPGLIFE,20,2026-10-08
RPOWER,20,2026-10-08
RPPINFRA,20,2026-10-08
RPSGVENT,20,2026-10-08
RPTECH,20,2026-10-08
RRECL,20,2026-10-08
RRIL,20,2026-10-08
RRKABEL,20,2026-10-08
RSL,20,2026-10-08
RSSOFTWARE,10,2026-10-08
RSWM,20,2026-10-08
RSYSTEMS,20,2026-10-08
RTNINDIA,20,2026-10-08
RTNPOWER,20,2026-10-08
RUBFILA,20,2026-10-08
RUBICON,20,2026-10-08
RUBYMILLS,20,2026-10-08
RUCHINFRA,20,2026-10-08
RUCHIRA,20,2026-10-08
RUDRA,20,2026-10-08
RUPA,20,2026-10-08
RUSHIL,20,2026-10-08
RUSTOMJEE,20,2026-10-08
RVHL,20,2026-10-08
RVTH,20,2026-10-08
S&SPOWER,10,2026-10-08
SAATVIKGL,10,2026-10-08
SAB,5,2026-10-08
SADBHAV,10,2026-10-08
SADBHIN,10,2026-10-08
SAFARI,20,2026-10-08
SAGARDEEP,20,2026-10-08
SAGCEM,20,2026-10-08
SAGILITY,4,2026-10-08
SAHLIBHFI,20,2026-10-08
SAHYADRI,20,2026-10-08
SAICAPI,20,2026-10-08
SAILIFE,20,2026-10-08
SAIPARENT,20,2026-10-08
SAKAR,20,2026-10-08
SAKHTISUG,20,2026-10-08
SAKSOFT,20,2026-10-08
SAKUMA,20,2026-10-08
SALASAR,20,2026-10-08
SALONA,20,2026-10-08
SALSTEEL,5,2026-10-08
SALZERELEC,20,2026-10-08
SAMBANDAM,8,2026-10-08
SAMBHAAV,20,2026-10-08
SAMBHV,20,2026-10-08
SAMHI,20,2026-10-08
SAMMAANCAP,20,2026-10-08
SAMPANN,20,2026-10-08
SANATHAN,10,2026-10-08
SANDESH,20,2026-10-08
SANDHAR,20,2026-10-08
SANDUMA,20,2026-10-08
SANGAMIND,20,2026-10-08
SANGHVIMOV,20,2026-10-08
SANOFI,20,2026-10-08
SANOFICONR,20,2026-10-08
SANSERA,20,2026-10-08
SANSTAR,20,2026-10-08
SAPPHIRE,20,2026-10-08
SAPPL,20,2026-10-08
SARDAEN,20,2026-10-08
SAREGAMA,20,2026-10-08
SARLAPOLY,20,2026-10-08
SARVESHWAR,20,2026-10-08
SASKEN,10,2026-10-08
SATIA,20,2026-10-08
SATIN,20,2026-10-08
SAURASHCEM,20,2026-10-08
SAYAJIHOTL,20,2026-10-08
SAYAJIIND,10,2026-10-08
SBC,20,2026-10-08
SBCL,10,2026-10-08
SBFC,20,2026-10-08
SBGLP,20,2026-10-08
SBIFUNDS,10,2026-10-08
SCHAEFFLER,20,2026-10-08
SCHAND,20,2026-10-08
SCHNEIDER,20,2026-10-08
SCI,20,2026-10-08
SCILAL,20,2026-10-08
SCODATUBES,20,2026-10-08
SDBL,20,2026-10-08
SEAMECLTD,20,2026-10-08
SECMARK,20,2026-10-08
SECURKLOUD,20,2026-10-08
SEDEMAC,20,2026-10-08
SEIL,20,2026-10-08
SEJALLTD,20,2026-10-08
SEKURITIND,20,2026-10-08
SEMAC,10,2026-10-08
SENCO,20,2026-10-08
SENORES,20,2026-10-08
SEPC,20,2026-10-08
SERVOTECH,20,2026-10-08
SESHAPAPER,20,2026-10-08
SETL,5,2026-10-08
SFL,20,2026-10-08
SGFIN,20,2026-10-08
SGIL,20,2026-10-08
SGL,20,2026-10-08
SGLRES,10,2026-10-08
SGMART,20,2026-10-08
SGRL,20,2026-10-08
SHADOWFAX,20,2026-10-08
SHAH,20,2026-10-08
SHAILY,20,2026-10-08
SHAKTIPUMP,20,2026-10-08
SHALBY,20,2026-10-08
SHANKARA,20,2026-10-08
SHANTI,20,2026-10-08
SHANTIGEAR,5,2026-10-08
SHANTIGOLD,20,2026-10-08
SHARDACROP,20,2026-10-08
SHARDAMOTR,20,2026-10-08
SHAREINDIA,20,2026-10-08
SHBAJRG,20,2026-10-08
SHEMAROO,20,2026-10-08
SHERVANI,20,2026-10-08
SHILCTECH,20,2026-10-08
SHILGRAVQ,20,2026-10-08
SHILPAMED,20,2026-10-08
SHINDL,20,2026-10-08
SHIPROCKET,20,2026-10-08
SHIVAAGRO,20,2026-10-08
SHIVACEM,20,2026-10-08
SHIVALIK,20,2026-10-08
SHIVAMAUTO,20,2026-10-08
SHIVAMILLS,10,2026-10-08
SHIVATEX,20,2026-10-08
SHIVAUM,20,2026-10-08
SHK,20,2026-10-08
SHOPERSTOP,20,2026-10-08
SHRADDHA,20,2026-10-08
SHRADHA,20,2026-10-08
SHREDIGCEM,20,2026-10-08
SHREEJISPG,10,2026-10-08
SHREEPUSHK,20,2026-10-08
SHREERAMA,20,2026-10-08
SHREYANIND,20,2026-10-08
SHRIKRISH,10,2026-10-08
SHRINGARMS,20,2026-10-08
SHRIPISTON,20,2026-10-08
SHRIRAMPPS,20,2026-10-08
SHRJAGP,20,2026-10-08
SHUKRAPHAR,20,2026-10-08
SHYAMCENT,10,2026-10-08
SHYAMMETL,20,2026-10-08
SHYAMTEL,20,2026-10-08
SICAGEN,10,2026-10-08
SIEL,5,2026-10-08
SIGACHI,20,2026-10-08
SIGMA,20,2026-10-08
SIGNATURE,20,2026-10-08
SIGNPOST,20,2026-10-08
SIKA,20,2026-10-08
SIL,20,2026-10-08
SILGO,20,2026-10-08
SILINV,20,2026-10-08
SILVERTUC,20,2026-10-08
SIMPLEXINF,20,2026-10-08
SIMPLXREA,5,2026-10-08
SINCLAIR,20,2026-10-08
SINDHUTRAD,20,2026-10-08
SINGERIND,20,2026-10-08
SINTERCOM,20,2026-10-08
SIRCA,20,2026-10-08
SIS,20,2026-10-08
SIYSIL,20,2026-10-08
SJS,20,2026-10-08
SJVN,20,2026-10-08
SKFINDIA,20,2026-10-08
SKFINDUS,20,2026-10-08
SKIPPER,20,2026-10-08
SKMEGGPROD,20,2026-10-08
SKYGOLD,20,2026-10-08
SMARTWORKS,20,2026-10-08
SMCGLOBAL,20,2026-10-08
SMLMAH,10,2026-10-08
SMLT,20,2026-10-08
SMSPHARMA,20,2026-10-08
SNOWMAN,20,2026-10-08
SOBHA,20,2026-10-08
SOFTTECH,10,2026-10-08
SOLARA,20,2026-10-08
SOLARWORLD,20,2026-10-08
SOLEX,20,2026-10-08
SOMANYCERA,20,2026-10-08
SOMATEX,10,2026-10-08
SOMICONVEY,20,2026-10-08
SONAL,10,2026-10-08
SONATSOFTW,20,2026-10-08
SOTL,20,2026-10-08
SOUTHBANK,20,2026-10-08
SOUTHWEST,20,2026-10-08
SPAL,20,2026-10-08
SPANDANA,20,2026-10-08
SPARC,20,2026-10-08
SPCENET,20,2026-10-08
SPENCERS,20,2026-10-08
SPIC,20,2026-10-08
SPLIL,20,2026-10-08
SPLPETRO,20,2026-10-08
SPMLINFRA,20,2026-10-08
SPORTKING,20,2026-10-08
SRD,20,2026-10-08
SRGHFL,5,2026-10-08
SRHHYPOLTD,20,2026-10-08
SRM,20,2026-10-08
SRTL,20,2026-10-08
SSDL,20,2026-10-08
SSWL,20,2026-10-08
STANLEY,20,2026-10-08
STAR,20,2026-10-08
STARCEMENT,20,2026-10-08
STARHEALTH,20,2026-10-08
STARPAPER,20,2026-10-08
STARTECK,5,2026-10-08
STCINDIA,20,2026-10-08
STEELCAS,20,2026-10-08
STEELCITY,20,2026-10-08
STEELXIND,20,2026-10-08
STEL,20,2026-10-08
STERTOOLS,20,2026-10-08
STLNETWORK,5,2026-10-08
STLSTRINF,10,2026-10-08
STOVEKRAFT,20,2026-10-08
STUDDS,20,2026-10-08
STYL,10,2026-10-08
STYLAMIND,20,2026-10-08
STYLEBAAZA,10,2026-10-08
STYRENIX,20,2026-10-08
SUBEXLTD,20,2026-10-08
SUBROS,20,2026-10-08
SUDARCOLOR,20,2026-10-08
SUDARSCHEM,20,2026-10-08
SUDEEPPHRM,10,2026-10-08
SUKHJITS,20,2026-10-08
SULA,20,2026-10-08
SUMEDHA,20,2026-10-08
SUMEETINDS,5,2026-10-08
SUMICHEM,20,2026-10-08
SUMIT,20,2026-10-08
SUMMITSEC,20,2026-10-08
SUNCLAY,20,2026-10-08
SUNDARAM,20,2026-10-08
SUNDARMFIN,20,2026-10-08
SUNDRMBRAK,20,2026-10-08
SUNDRMFAST,20,2026-10-08
SUNDROP,20,2026-10-08
SUNFLAG,5,2026-10-08
SUNLOC,20,2026-10-08
SUNRAKSHAK,20,2026-10-08
SUNSHIEL,20,2026-10-08
SUNTECK,20,2026-10-08
SUNTV,20,2026-10-08
SUPERHOUSE,20,2026-10-08
SUPRAJIT,20,2026-10-08
SUPREME,20,2026-10-08
SUPREMEINF,10,2026-10-08
SUPRIYA,20,2026-10-08
SURAJEST,20,2026-10-08
SURAJLTD,20,2026-10-08
SURAKSHA,20,2026-10-08
SURANASOL,20,2026-10-08
SURANAT&P,20,2026-10-08
SURYALA,20,2026-10-08
SURYALAXMI,20,2026-10-08
SURYAROSNI,20,2026-10-08
SURYODAY,20,2026-10-08
SUTLEJTEX,20,2026-10-08
SUVEN,20,2026-10-08
SUVIDHAA,20,2026-10-08
SUYOG,20,2026-10-08
SVGLOBAL,20,2026-10-08
SVLL,20,2026-10-08
SVPGLOB,10,2026-10-08
SWANCORP,20,2026-10-08
SWARAJENG,20,2026-10-08
SWARNSAR,20,2026-10-08
SWELECTES,20,2026-10-08
SWSOLAR,20,2026-10-08
SYMPHONY,20,2026-10-08
SYNCOMF,20,2026-10-08
SYNGENE,20,2026-10-08
SYRMA,20,2026-10-08
TAALTECH,20,2026-10-08
TAINWALCHM,20,2026-10-08
TAJGVK,20,2026-10-08
TAKE,5,2026-10-08
TALBROAUTO,20,2026-10-08
TANAA,20,2026-10-08
TANLA,20,2026-10-08
TARACHAND,20,2026-10-08
TARAPUR,20,2026-10-08
TARC,20,2026-10-08
TARIL,20,2026-10-08
TARMAT,20,2026-10-08
TARSONS,20,2026-10-08
TASTYBITE,20,2026-10-08
TATACAP,10,2026-10-08
TATACHEM,20,2026-10-08
TATACOMM,20,2026-10-08
TATAINVEST,20,2026-10-08
TATATECH,20,2026-10-08
TATVA,20,2026-10-08
TBOTEK,20,2026-10-08
TCC,20,2026-10-08
TCI,20,2026-10-08
TCIEXP,20,2026-10-08
TCIFINANCE,20,2026-10-08
TCPLPACK,20,2026-10-08
TDPOWERSYS,20,2026-10-08
TEAMGTY,20,2026-10-08
TEAMLEASE,20,2026-10-08
TECHNOCRAF,20,2026-10-08
TECHNOE,20,2026-10-08
TECHNVISN,5,2026-10-08
TECILCHEM,20,2026-10-08
TEGA,20,2026-10-08
TEJASNET,20,2026-10-08
TEMBO,20,2026-10-08
TENNIND,20,2026-10-08
TERAI,20,2026-10-08
TERASOFT,20,2026-10-08
TEXINFRA,20,2026-10-08
TEXMOPIPES,20,2026-10-08
TEXRAIL,20,2026-10-08
TFCILTD,20,2026-10-08
TFL,20,2026-10-08
TGBHOTELS,20,2026-10-08
TGVSL,20,2026-10-08
THACKER,5,2026-10-08
THAKDEV,5,2026-10-08
THANGAMAYL,10,2026-10-08
THEINVEST,20,2026-10-08
THEJO,20,2026-10-08
THELEELA,10,2026-10-08
THEMISMED,20,2026-10-08
THERMAX,20,2026-10-08
THOMASCOOK,20,2026-10-08
THOMASCOTT,20,2026-10-08
THYROCARE,20,2026-10-08
TI,20,2026-10-08
TIGERLOGS,20,2026-10-08
TIIL,20,2026-10-08
TIMETECHNO,20,2026-10-08
TIMEX,20,2026-10-08
TIMKEN,20,2026-10-08
TINNARUBR,20,2026-10-08
TIPSFILMS,20,2026-10-08
TIPSMUSIC,20,2026-10-08
TIRUMALCHM,20,2026-10-08
TITAGARH,20,2026-10-08
TMB,20,2026-10-08
TMCV,20,2026-10-08
TNPETRO,20,2026-10-08
TNPL,20,2026-10-08
TOKYOPLAST,10,2026-10-08
TOLINS,20,2026-10-08
TORNTPOWER,20,2026-10-08
TOUCHWOOD,20,2026-10-08
TOYAMSL,5,2026-10-08
TPLPLASTEH,20,2026-10-08
TRACXN,20,2026-10-08
TRANSCOR,20,2026-10-08
TRANSRAILL,20,2026-10-08
TRAVELFOOD,10,2026-10-08
TREEHOUSE,20,2026-10-08
TREJHARA,20,2026-10-08
TREL,20,2026-10-08
TRF,20,2026-10-08
TRIDENT,20,2026-10-08
TRIGYN,20,2026-10-08
TRITONV,20,2026-10-08
TRITURBINE,20,2026-10-08
TRIVENI,20,2026-10-08
TRU,20,2026-10-08
TRUALT,20,2026-10-08
TSFINV,20,2026-10-08
TTKHLTCARE,20,2026-10-08
TTKPRESTIG,20,2026-10-08
TTL,20,2026-10-08
TTML,20,2026-10-08
TURTLEMINT,5,2026-10-08
TUTIALKA,20,2026-10-08
TVSELECT,20,2026-10-08
TVSHLTD,20,2026-10-08
TVSSCS,20,2026-10-08
TVSSRICHAK,20,2026-10-08
TVTODAY,20,2026-10-08
UBL,20,2026-10-08
UCOBANK,20,2026-10-08
UDAYJEW,20,2026-10-08
UDS,20,2026-10-08
UEL,10,2026-10-08
UFLEX,20,2026-10-08
UFO,20,2026-10-08
UGROCAP,20,2026-10-08
ULTRAMAR,20,2026-10-08
UMESLTD,20,2026-10-08
UMIYA-MRO,20,2026-10-08
UNICHEMLAB,20,2026-10-08
UNIDT,20,2026-10-08
UNIECOM,20,2026-10-08
UNIENTER,20,2026-10-08
UNIINFO,10,2026-10-08
UNIMECH,10,2026-10-08
UNIPARTS,20,2026-10-08
UNITECH,20,2026-10-08
UNITEDPOLY,20,2026-10-08
UNITEDTEA,20,2026-10-08
UNIVCABLES,20,2026-10-08
UPHOT,5,2026-10-08
URBANCO,20,2026-10-08
URJA,20,2026-10-08
USHAMART,20,2026-10-08
USK,20,2026-10-08
UTIAMC,20,2026-10-08
UTKARSHBNK,20,2026-10-08
UTLSOLAR,10,2026-10-08
UTTAMSUGAR,20,2026-10-08
V2RETAIL,20,2026-10-08
VADILALIND,20,2026-10-08
VADILENT,20,2026-10-08
VAIBHAVGBL,20,2026-10-08
VAISHALI,20,2026-10-08
VAKRANGEE,20,2026-10-08
VALIANTORG,20,2026-10-08
VAML,20,2026-10-08
VARDHACRLC,20,2026-10-08
VARDMNPOLY,20,2026-10-08
VARROC,20,2026-10-08
VASCONEQ,20,2026-10-08
VASUPRADA,5,2026-10-08
VASWANI,20,2026-10-08
VEDAVAAG,20,2026-10-08
VEDPOWER,20,2026-10-08
VEEDOL,20,2026-10-08
VENKEYS,20,2026-10-08
VENTIVE,10,2026-10-08
VENUSPIPES,20,2026-10-08
VERTOZ,20,2026-10-08
VESUVIUS,20,2026-10-08
VETO,20,2026-10-08
VGCL,10,2026-10-08
VGL,20,2026-10-08
VGUARD,20,2026-10-08
VHL,20,2026-10-08
VIDHIING,20,2026-10-08
VIDYAWIRES,10,2026-10-08
VIJAYA,20,2026-10-08
VIJSOLX,10,2026-10-08
VIKASECO,20,2026-10-08
VIKASLIFE,20,2026-10-08
VIKRAMSOLR,20,2026-10-08
VIKRAN,20,2026-10-08
VIMTALABS,20,2026-10-08
VINATIORGA,20,2026-10-08
VINCOFE,20,2026-10-08
VINDHYATEL,20,2026-10-08
VINEETLAB,10,2026-10-08
VINNY,20,2026-10-08
VINYLINDIA,20,2026-10-08
VIPCLOTHNG,20,2026-10-08
VIPIND,20,2026-10-08
VIRAT,10,2026-10-08
VIRINCHI,20,2026-10-08
VISACHROME,10,2026-10-08
VISHAL,20,2026-10-08
VISHNU,20,2026-10-08
VISHWARAJ,20,2026-10-08
VISL,5,2026-10-08
VITAL,10,2026-10-08
VIVIANA,20,2026-10-08
VIVIDHA,20,2026-10-08
VIVOBIOT,20,2026-10-08
VIYASH,20,2026-10-08
VLEGOV,10,2026-10-08
VLSFINANCE,20,2026-10-08
VMART,20,2026-10-08
VMSTMT,20,2026-10-08
VOEPL,20,2026-10-08
VOGL,20,2026-10-08
VOITHPAPR,20,2026-10-08
VOLTAMP,20,2026-10-08
VPRPL,20,2026-10-08
VRAJ,20,2026-10-08
VRLLOG,20,2026-10-08
VSSL,20,2026-10-08
VSTIND,20,2026-10-08
VSTL,20,2026-10-08
VSTTILLERS,20,2026-10-08
VTL,20,2026-10-08
VTMLTD,20,2026-10-08
WAAREEINDO,5,2026-10-08
WAAREERTL,20,2026-10-08
WABAG,20,2026-10-08
WAKEFIT,20,2026-10-08
WALCHANNAG,20,2026-10-08
WANBURY,20,2026-10-08
WATERBASE,20,2026-10-08
WCIL,20,2026-10-08
WEALTH,20,2026-10-08
WEBELSOLAR,5,2026-10-08
WEIZMANIND,20,2026-10-08
WEL,5,2026-10-08
WELCORP,20,2026-10-08
WELENT,20,2026-10-08
WELSPLSOL,20,2026-10-08
WELSPUNLIV,20,2026-10-08
WENDT,20,2026-10-08
WESTLIFE,20,2026-10-08
WEWIN,20,2026-10-08
WEWORK,20,2026-10-08
WHBRADY,20,2026-10-08
WHEELS,10,2026-10-08
WHIRLPOOL,20,2026-10-08
WILLAMAGOR,20,2026-10-08
WINDLAS,20,2026-10-08
WINDMACHIN,20,2026-10-08
WIPL,20,2026-10-08
WOCKPHARMA,20,2026-10-08
WONDERLA,20,2026-10-08
WORTHPERI,20,2026-10-08
WPIL,20,2026-10-08
WSI,20,2026-10-08
WSTCSTPAPR,20,2026-10-08
XCHANGING,20,2026-10-08
XELPMOC,20,2026-10-08
XPROINDIA,20,2026-10-08
XTGLOBAL,20,2026-10-08
XTRANET,5,2026-10-08
YASHO,20,2026-10-08
YATHARTH,20,2026-10-08
YATRA,20,2026-10-08
YOGI,20,2026-10-08
YUKEN,20,2026-10-08
ZAGGLE,20,2026-10-08
ZEEL,20,2026-10-08
ZEELEARN,20,2026-10-08
ZEEMEDIA,20,2026-10-08
ZENITHEXPO,5,2026-10-08
ZENITHSTL,20,2026-10-08
ZENSARTECH,20,2026-10-08
ZENTEC,20,2026-10-08
ZFCVINDIA,20,2026-10-08
ZFSTEERING,20,2026-10-08
ZIMLAB,20,2026-10-08
ZODIAC,20,2026-10-08
ZODIACLOTH,20,2026-10-08
ZOTA,20,2026-10-08
ZSARACOM,20,2026-10-08
ZUARI,20,2026-10-08
ZUARIIND,20,2026-10-08
ZYDUSWELL,20,2026-10-08
